"Any other remarks, noteworthy effort that should go in the records.","Otras observaciones, que deben ir en los registros.",
"Details of Sponsor (Name, Location)","Detalles del Patrocinador (Nombre, Ubicación)",
"If checked, Total no. of Working Days will include holidays, and this will reduce the value of Salary Per Day","Si se marca, el número total de días trabajados incluirá los dias feriados, y este reducirá el salario por día.",
"If checked, hides and disables Rounded Total field in Salary Slips","Si está marcado, oculta y deshabilita el campo Total redondeado en los recibos de salario",
"If checked, the full amount will be deducted from taxable income before calculating income tax without any declaration or proof submission.","Si está marcado, el monto total se deducirá de la renta imponible antes de calcular el impuesto sobre la renta sin ninguna declaración o presentación de prueba.",
"If enabled, Tax Exemption Declaration will be considered for income tax calculation.","Si está habilitada, la Declaración de exención de impuestos se considerará para el cálculo del impuesto sobre la renta.",
"If enabled, the component will be considered as a tax component and the amount will be auto-calculated as per the configured income tax slabs","Si está habilitado, el componente será considerado como un componente tributario y el monto se calculará automáticamente según las franjas configuradas del impuesto sobre la renta",
"If enabled, the component will be considered in the Income Tax Deductions report","Si está habilitado, el componente será considerado en el informe de Deducciones del Impuesto sobre la Renta",
"If enabled, the component will not be displayed in the salary slip if the amount is zero","Si está habilitado, el componente no se mostrará en el recibo de sueldo si el monto es cero",
"If enabled, the value specified or calculated in this component will not contribute to the earnings or deductions. However, it's value can be referenced by other components that can be added or deducted.","Si está habilitado, el valor especificado o calculado en este componente no contribuirá a los ingresos o deducciones. Sin embargo, su valor puede ser referenciado por otros componentes que pueden ser añadidos o deducidos",
"If not checked, the list will have to be added to each Department where it has to be applied.","Si no está marcada, la lista tendrá que ser añadida a cada departamento donde será aplicada.",
"If selected, the value specified or calculated in this component will not contribute to the earnings or deductions. However, it's value can be referenced by other components that can be added or deducted. ","Si se selecciona, el valor especificado o calculado en este componente no contribuirá a las ganancias o deducciones. Sin embargo, su valor puede ser referenciado por otros componentes que se pueden agregar o deducir.",
"Job profile, qualifications required etc.","Perfil laboral, las cualificaciones necesarias, etc",
"Leave cannot be allocated before {0}, as leave balance has already been carry-forwarded in the future leave allocation record {1}","La licencia no puede asignarse antes de {0}, ya que el saldo de permiso ya se ha arrastrado en el futuro registro de asignación de permisos {1}.",
"Leave cannot be applied/cancelled before {0}, as leave balance has already been carry-forwarded in the future leave allocation record {1}","La licencia no puede aplicarse o cancelarse antes de {0}, ya que el saldo de permiso ya se ha arrastrado en el futuro registro de asignación de permisos {1}.",
"Partially Sponsored, Require Partial Funding","Parcialmente Patrocinado, Requiere Financiación Parcial",
"Salary already processed for period between {0} and {1}, Leave application period cannot be between this date range.","Salario ya procesado para el período entre {0} y {1}, Deja período de aplicación no puede estar entre este intervalo de fechas.",
"Skipping Salary Structure Assignment for the following employees, as Salary Structure Assignment records already exists against them. {0}","Omitir la asignación de estructura salarial para los siguientes empleados, ya que los registros de asignación de estructura salarial ya existen en su contra. {0}",
"Start and end dates not in a valid Payroll Period, cannot calculate {0}","Las fechas de inicio y finalización no están en un período de nómina válido, no se puede calcular {0}",
"Start and end dates not in a valid Payroll Period, cannot calculate {0}.","Las fechas de inicio y final no están en un Período de cálculo de la nómina válido, no pueden calcular {0}.",
"The salary slip emailed to the employee will be password protected, the password will be generated based on the password policy.","El recibo de salario enviado por correo electrónico al empleado estará protegido por contraseña, la contraseña se generará en función de la política de contraseña.",
"These leaves are holidays permitted by the company however, availing it is optional for an Employee","Estos permisos son días festivos otorgados por la empresa sin embargo, tomarlos es opcional para el empleado",
"{0}: Employee email not found, hence email not sent","{0}: No se encontró el correo electrónico de los empleados, por lo tanto, no correo electrónico enviado",
'employee_field_value' and 'timestamp' are required.,&#39;employee_field_value&#39; y &#39;timestamp&#39; son obligatorios.,
(Half Day),(Medio día),
) for {0},) para {0},
<b>Example:</b> SAL-{first_name}-{date_of_birth.year} <br>This will generate a password like SAL-Jane-1972,<b>Ejemplo:</b> SAL- {first_name} - {date_of_birth.year} <br> Esto generará una contraseña como SAL-Jane-1972,
A Leave Period is a duration of time for which leaves are allocated.,Un período de permiso es una duración de tiempo para la cual se asignan permisos.,
A {0} exists between {1} and {2} (,A {0} existe entre {1} y {2} (,
Absent Days,Días ausentes,
Absent,Ausente,
Absent,Ausente,
Absent,Ausente,
Academic Degree,Grado Academico,
Academic Information,Informacion Academica,
Account No,Cuenta No,
Accrual Journal Entry for salaries from {0} to {1},Entrada de Diario de Acumulación para Salarios de {0} a {1},
Activity Name,Nombre de la Actividad,
Actual Amount,Cantidad real,
Add to Details,Añadir a Detalles,
Add unused leaves from previous allocations,Añadir permisos no usados de asignaciones anteriores,
Added to details,Agregado a los Detalles,
Additional Amount,Monto adicional,
Additional PF,PF adicional,
Additional Provident Fund,Fondo de previsión adicional,
Additional Salary ,Salario adicional,
Additional Salary,Salario Adicional,
Additional Salary: {0} already exist for Salary Component: {1} for period {2} and {3},Salario adicional: {0} ya existe para el componente de salario: {1} para el período {2} y {3},
Address of Organizer,Dirección del Organizador,
Advance,Avanzar,
Advanced Filters,Filtros Avanzados,
All Jobs,Todos los trabajos,
Allocate Leaves,Asignar Permisos,
Allocated Leaves,Permisos Asignadas,
Allocation Expired!,Asignación expirada!,
Allow Employee Checkin from Mobile App,Permitir Registro de Entrada del Empleado desde la Aplicación Móvi,
Allow Encashment,Permitir el Cobro,
Allow Geolocation Tracking,Permitir Seguimiento de Geolocalización,
Allow Leave Application After (Working Days),Permitir la Solicitud de Permiso Después de (Días Laborales),
Allow Multiple Shift Assignments for Same Date,Permitir Múltiples Asignaciones de Turnos para la Misma Fecha,
Allow Negative Balance,Permitir Saldo Negativo,
Allow Over Allocation,Permitir Sobreasignación,
Allow Tax Exemption,Permitir exención de impuestos,
Allow User,Permitir al usuario,
Allow Users,Permitir que los usuarios,
Allow check-out after shift end time (in minutes),Permitir la salida después de la hora de finalización del turno (en minutos),
Allow the following users to approve Leave Applications for block days.,Permitir a los usuarios siguientes aprobar solicitudes de permisos en días bloqueados.,
Allows allocating more leaves than the number of days in the allocation period,Permite asignar más permisos de los días disponibles en el período de asignación,
Alternating entries as IN and OUT during the same shift,Alternar entradas como IN y OUT durante el mismo turno,
Amount based on formula,Cantidad basada en fórmula,
Annual Allocation,Asignación Anual,
Annual HRA Exemption,Exención anual de la HRA,
Annual Salary,Salario anual,
Any other details,Cualquier otro detalle,
Applicable After (Working Days),Aplicable Después (Días Laborables),
Applicable in the case of Employee Onboarding,Aplicable en el caso de la incorporación de empleados,
Applicant Email Address,Dirección de correo electrónico del solicitante,
Applicant for a Job,Solicitante de Empleo,
Applicant name,Nombre del solicitante,
Application Status,Estado de la Aplicación,
Application period cannot be across two allocation records,El período de solicitud no puede estar en dos registros de asignación,
Application period cannot be outside leave allocation period,Período de aplicación no puede ser período de asignación licencia fuera,
Applies to Company,Se aplica a la empresa,
Apply / Approve Leaves,Aplicar/Aprobar Permisos,
Apply Now,Aplicar Ahora,
Appointment Date,Día de la cita,
Appointment Letter Template,Plantilla de carta de cita,
Appointment Letter content,Contenido de la carta de nombramiento,
Appointment Letter,Carta de cita,
Appraisal Goal,Meta de evaluación,
Appraisal Template Goal,Objetivo de la plantilla de evaluación,
Appraisal Template Title,Titulo de la plantilla de evaluación,
Appraisal,Evaluación,
Apprentice,Aprendiz,
Approval Status must be 'Approved' or 'Rejected',"El estado de esta solicitud debe ser ""Aprobado"" o ""Rechazado""",
Approval Status,Estado de Aprobación,
Approved Claims (This Month),Reclamaciones Aprobadas (Este Mes),
Approver,Supervisor,
Apr,abr,
Arrival Datetime,Fecha y hora de llegada,
As per your assigned Salary Structure you cannot apply for benefits,De acuerdo con su estructura salarial asignada no puede solicitar beneficios,
Assign Salary Structure,Asignar estructura salarial,
Assign to Employees,Asignar a Empleados,
Assign,Asignar,
Assigning Structures...,Asignando Estructuras ...,
Attendance Count,Conteo de Asistencia,
Attendance Dashboard,Tablero de Asistencia,
Attendance Date,Fecha de Asistencia,
Attendance From Date and Attendance To Date is mandatory,Asistencia 'Desde fecha' y 'Hasta fecha' son obligatorias,
Attendance From Date,Asistencia desde fecha,
Attendance Marked,Asistencia marcada,
Attendance Request,Solicitud de Asistencia,
Attendance Settings,Configuración de Asistencia,
Attendance To Date,Asistencia a la Fecha,
Attendance for employee {0} is already marked for this day,La asistencia para el empleado {0} ya está marcada para el día de hoy,
Attendance has been marked as per employee check-ins,La asistencia ha sido marcada según los registros de empleados,
Attendance not submitted for {0} as it is a Holiday.,Asistencia no enviada para {0} ya que es un feriado.,
Attendance will be marked automatically only after this date.,La asistencia se marcará automáticamente solo después de esta fecha.,
Attendance,Asistencia,
Attendees,Asistentes,
Aug,ago,
Auto Attendance Settings,Configuraciones de asistencia automática,
Auto Leave Encashment,Auto dejar cobro,
Available Leaves,Permisos Disponibles,
Awaiting Response,Esperando Respuesta,
Bank Entries,Asientos Bancarios,
Bank Remittance,Giro Bancario,
Base,Base,
Begin check-in before shift start time (in minutes),Comience el check-in antes de la hora de inicio del turno (en minutos),
Beginner,Principiante,
Benefit,Beneficio,
Bimonthly,Bimensual,
Birthday Reminder,Recordatorio de cumpleaños,
Birthdays,Cumpleaños,
Block Date,Bloquear fecha,
Block Days,Bloquear días,
Block Holidays on important days.,Bloquear Permisos en días importantes.,
Bonus Amount,Monto de la Bonificación,
Bonus Payment Date cannot be a past date,La fecha de pago de la bonificación no puede ser una fecha pasada,
Bonus Payment Date,Fecha de Pago de Bonificación,
Brake Oil,Aceite de Frenos,
Brake Pad,Pastilla de Freno,
Branch (optional),Rama (opcional),
Bulk Leave Policy Assignment,Asignación masiva de política de permiso,
Bulk Salary Structure Assignment,Asignación Masiva de Estructura Salarial,
Calculate Payroll Working Days Based On,Calcule los días laborables de la nómina en función de,
Calculated in days,Calculado en días,
Calls,Llamadas,
Cannot find active Leave Period,No se puede encontrar el Período de permiso activo,
Carry Forward,Trasladar,
Carry Forwarded Leaves,Trasladar permisos,
Casual Leave,Permiso ocacional,
Check Vacancies On Job Offer Creation,Comprobar vacantes en la creación de ofertas de trabajo,
Check-in Date,Comprobar en la Fecha,
Check-out Date,Echa un vistazo a la Fecha,
Claim Benefit For,Beneficio de reclamo por,
Claim Date,Fecha de Reclamación,
Claim an Expense,Reclamar un Gasto,
Claimed Amount,Cantidad reclamada,
Claimed,Reclamado,
Claims by Type,Reclamaciones por Tipo,
Closing Notes,Notas de cierre,
Clutch Plate,Placa de embrague,
Compensatory Leave Request,Solicitud de licencia compensatoria,
Compensatory Off,Compensatorio,
Component Type,Tipo de componente,
Component properties and references ,Propiedades y referencias de componentes,
Component,Componente,
Condition and formula,Condición y fórmula,
Conditions and Formula variable and example,Condiciones y variable de fórmula y ejemplo,
Conditions,Condiciones,
Conference,Conferencia,
Consider Unmarked Attendance As,Considere la asistencia no marcada como,
Contact Number,Número de contacto,
Copy of Invitation/Announcement,Copia de Invitación / Anuncio,
Costing Details,Detalles de Costos,
Country of Origin,País de Origen,
Course,Curso,
Cover Letter,Carta de presentación,
Create Disbursement Entry,Crear entrada de desembolso,
Create New Employee Id,Crear Nuevo ID de Empleado,
Create Salary Slip,Crear nómina salarial,
Create Salary Slips,Crear Recibos de Sueldo,
Create Separate Payment Entry Against Benefit Claim,Crear una Entrada de Pago separada contra la Reclamación de Beneficios,
Creating Payment Entries......,Creando Entradas de Pago ......,
Creating Salary Slips...,Creando Recibos de Sueldo ...,
Currency,Moneda,
Current Count,Recuento Actual,
Current Job Openings,Ofertas de empleo actuales,
Current Odometer Value should be greater than Last Odometer Value {0},El valor actual del odómetro debe ser mayor que el último valor del odómetro {0},
Current Odometer value ,Valor actual del cuentakilómetros,
Current Openings,Aperturas Actuales,
Current,Corriente,
Daily Work Summary Group User,Resumen de Trabajo Diario de Grupo Usuario,
Daily Work Summary Group,Grupo de resumen de trabajo diario,
Daily Work Summary Replies,Respuestas Diarias del Resumen del Trabajo,
Daily Work Summary,Resumen diario de Trabajo,
Date Range,Rango de Fechas,
Date is repeated,La fecha está repetida,
Dates & Reason,Fechas y Motivo,
Debit A/C Number,Número de débito A / C,
Dec,dic,
Declarations,Declaraciones,
Declared Amount,Cantidad declarada,
Deduct Full Tax on Selected Payroll Date,Deduzca el impuesto completo en la fecha de nómina seleccionada,
Deduct Tax For Unclaimed Employee Benefits,Deducir Impuestos para beneficios de Empleados no Reclamados,
Deduct Tax For Unsubmitted Tax Exemption Proof,Deducir impuestos por soporte de exención de impuestos sin enviar,
Deduction,Deducción,
Deductions,Deducciones,
Default Amount,Importe por defecto,
Default Bank / Cash account will be automatically updated in Salary Journal Entry when this mode is selected.,Banco Predeterminado / Cuenta de Efectivo se actualizará automáticamente en la Entrada de Diario Salario cuando se selecciona este modo.,
Default Salary Structure,Estructura de Salario Predeterminada,
Degree,Titulo,
Department (optional),Departamento (opcional),
Department Approver,Aprobador de Departamento,
Department Wise Salary(Last Month),Salario por Departamento(Ultimo Mes),
Department wise Expense Claims,Reclamaciones de Gastos por Departamento,
Departure Datetime,Hora de Salida,
Depends on Payment Days,Depende de los días de pago,
Description of a Job Opening,Descripción de la oferta de trabajo,
Designation (optional),Designación (opcional),
Designation Skill,Habilidad de designación,
Designation Wise Salary(Last Month),Salario por Puesto(Último Mes),
Determine Check-in and Check-out,Determinar el check-in y el check-out,
Dispensed Amount (Pro-rated),Cantidad Dispensada (Prorrateada),
Do Not Include in Total,No incluir en total,
Do not include in total,No incluir en total,
Document Status,Estado del Documento,
Domestic,Nacional,
Duplicate Entry,Entrada duplicada,
Early Exit Grace Period,Período de gracia de salida temprana,
Early Exit,Salida Temprana,
Earned Leave Frequency,Frecuencia de Licencia Ganada,
Earned Leave,Ausencia Ganada,
Earning Component,Componente de Ganancia,
Earning,Ingresos,
Earnings & Deductions,Ingresos y Deducciones,
Earnings,Ganancias,
Effective From,Valido Desde,
Effective To,Valido Hasta,
Effective from,Válido desde,
Email Salary Slip to Employee,Enviar Nómina al Empleado por Correo Electrónico,
Email Sent To,Correo electrónico enviado a,
Emails salary slip to employee based on preferred email selected in Employee,Envíe por correo electrónico el recibo de salario al empleado basándose en el correo electrónico preferido seleccionado en Empleado,
Employee (optional),Empleado (opcional),
Employee A/C Number,Número de A / C del empleado,
Employee Advance Status,Estado de Anticipos para Empleados,
Employee Advance Summary,Resumen de Avance del Empleado,
Employee Attendance Tool,Herramienta de asistencia de los empleados,
Employee Benefit Application Detail,Detalle de la Solicitud de Beneficios para Empleados,
Employee Benefit Application,Solicitud de Beneficios para Empleados,
Employee Benefit Claim,Reclamo de Beneficio del Empleado,
Employee Benefits,Beneficios de empleados,
Employee Boarding Activity,Actividad de Embarque de Empleados,
Employee Checkin,Registro de empleados,
Employee Details,Detalles del Empleado,
Employee Emails,Correos Electrónicos del Empleado,
Employee Exit Settings,Configuración de Salidas de Empleados,
Employee Exits,Salida de Empleados,
Employee Grade (optional),Grado de empleado (opcional),
Employee Grade,Grado del Empleado,
Employee Health Insurance,Seguro de Salud para Empleados,
Employee Incentive,Incentivo para Empleados,
Employee Lifecycle Dashboard,Tablero del Ciclo de Vida del Empleado,
Employee Onboarding Template,Plantilla de Incorporación del Empleado,
Employee Onboarding,Empleado de Abordo,
Employee Other Income,Otros ingresos del empleado,
Employee Promotion Details,Detalles de la Promoción del Empleado,
Employee Promotion,Promoción del Empleado,
Employee Property History,Historial de Propiedad del Empleado,
Employee Referral,Recomendación de empleados,
Employee Separation Template,Plantilla de Separación de Empleados,
Employee Separation,Separación de Empleados,
Employee Settings,Configuración de Empleado,
Employee Skill Map,Mapa de habilidades del empleado,
Employee Skill,Habilidad del empleado,
Employee Skills,Habilidades de los empleados,
Employee Tax Exemption Category,Categoría de Exención Fiscal del Empleado,
Employee Tax Exemption Declaration Category,Categoría de Declaración de Exención Fiscal del Empleado,
Employee Tax Exemption Declaration,Declaración de Exención Fiscal del Empleado,
Employee Tax Exemption Proof Submission Detail,Detalle de envío de prueba de exención fiscal del empleado,
Employee Tax Exemption Proof Submission,Presentación de Prueba de Exención Fiscal del Empleado,
Employee Tax Exemption Sub Category,Subcategoría de exención fiscal para empleados,
Employee Training,Formación de los empleados,
Employee Transfer Detail,Detalle de Transferencia del Empleado,
Employee Transfer Details,Detalles de Transferencia del Empleado,
Employee Transfer,Transferencia del Empleado,
Employee relieved on {0} must be set as 'Left',"Empleado relevado en {0} debe definirse como ""izquierda""",
Employee {0} already submited an apllication {1} for the payroll period {2},El Empleado {0} ya envió una Aplicación {1} para el período de nómina {2},
Employee {0} has no maximum benefit amount,El Empleado {0} no tiene una cantidad de beneficio máximo,
Employee {0} is not active or does not exist,El empleado {0} no está activo o no existe,
Employee {0} is on Leave on {1},El Empleado {0} está en de Licencia el {1},
Employee {0} on Half day on {1},Empleado {0} del medio día del {1},
Employees Email Id,ID de Email de empleados,
Employees HTML,Empleados HTML,
Employees Working on a Holiday,Empleados Trabajando en un Día Feriado,
Employees working on a holiday,Empleados que trabajan en un día festivo,
Employees,Empleados,
Employment Type (optional),Tipo de empleo (opcional),
Enable Auto Attendance,Habilitar asistencia automática,
Enable Entry Grace Period,Habilitar período de gracia de entrada,
Enable Exit Grace Period,Habilitar el período de gracia de salida,
Encashable days,Días de Cobro,
Encashment Amount,Monto del Cobro,
Encashment Threshold Days,Días de Umbral de Cobro,
Encashment,Cobro,
Encrypt Salary Slips in Emails,Cifrar recibos de sueldo en correos electrónicos,
End time cannot be before start time,La hora de finalización no puede ser anterior a la hora de inicio,
Engine Oil,Aceite de Motor,
Error in some rows,Error en algunas filas,
Estimated Cost Per Position,Costo Estimado por Posición,
Evaluation Date,Fecha de evaluación,
Evaluation,Evaluación,
Event Details,Detalles del Evento,
Event Link,Enlace de evento,
Event Location,Lugar del evento,
Event Name,Nombre del evento,
Event Status,Estado de Eventos,
Every Valid Check-in and Check-out,Cada entrada y salida válidas,
Exam,Examen,
Exempted from Income Tax,Exento del impuesto sobre la renta,
Exemption Category,Categoría de Exención,
Exemption Sub Category,Subcategoría de Exención,
Exit Interview Summary,Resumen de la entrevista de salida,
Exit Questionnaire Notification Template,Plantilla de Notificación del Cuestionario de Salida,
Exit Questionnaire Web Form,Formulario Web de Cuestionario de Salida,
Expense Approver Mandatory In Expense Claim,Aprobador de Gastos obligatorio en la Reclamación de Gastos,
Expense Claim Account,Cuenta de Gastos,
Expense Claim Advance,Anticipo de Adelanto de Gastos,
Expense Claim Detail,Detalle de reembolso de gastos,
Expense Claim Type,Tipo de gasto,
Expense Claim for Vehicle Log {0},Reclamación de gastos para el registro de vehículos {0},
Expense Claim {0} already exists for the Vehicle Log,Relación de Gastos {0} ya existe para el registro de vehículos,
Expense Claims (This Month),Reclamaciones de Gastos (Este Mes),
Expense Claims Dashboard,Tablero Reembolso de Gastos,
Expense Date,Fecha de gasto,
Expense Proof,Prueba de Gastos,
Expense Taxes and Charges,Gastos Impuestos y Cargos,
Expense Type,Tipo de Gasto,
Expire Allocation,Caducar la asignación,
Expire Carry Forwarded Leaves (Days),Caducar Llevar permisos reenviadas (días),
Expired Leaves,Permisos caducadas,
Explanation,Explicación,
Feb,feb,
Feedback Submitted,Retroalimentación enviada,
Fill the form and save it,Llene el formulario y guárdelo,
Filter Employees By (Optional),Filtrar por empleados (Opcional),
First Check-in and Last Check-out,Primer check-in y último check-out,
Fiscal Year {0} not found,Año fiscal {0} no encontrado,
Flexible Benefits,Beneficios Flexibles,
Flight,Vuelo,
Follow via Email,Seguir a través de correo electronico,
Food,Comida,
For Employee Name,Por nombre de empleado,
For Employee,Por empleados,
Formula,Fórmula,
Fortnightly,Quincenal,
Fraction of Daily Salary for Half Day,Fracción del salario diario por medio día,
Fri,Vie,
From Amount,Desde Monto,
From Date {0} cannot be after employee's relieving Date {1},Desde la fecha {0} no puede ser posterior a la fecha de liberación del empleado {1},
From Date {0} cannot be before employee's joining Date {1},Desde la fecha {0} no puede ser anterior a la fecha de incorporación del empleado {1},
From date can not be less than employee's joining date,Desde la fecha no puede ser menor a la fecha de incorporación del empleado,
From date can not be less than employee's joining date.,La fecha de inicio no puede ser menor que la fecha de incorporación del empleado.,
Fuel Expense,Gasto de combustible,
Fuel Price,Precio del combustible,
Fuel Qty,Cantidad de combustible,
Full-time,Jornada completa,
Fully Sponsored,Totalmente Patrocinado,
Funded Amount,Cantidad Financiada,
Future dates not allowed,No se permiten fechas futuras,
Get Details From Declaration,Obtener detalles de la declaración,
Get Employees,Obtener Empleados,
Get Template,Obtener Plantilla,
Gluten Free,Sin Gluten,
Goals,Objetivos,
Grace Period Settings For Auto Attendance,Configuración del período de gracia para asistencia automática,
Gross Pay,Pago Bruto,
Guest,Invitado,
HR Administrator,Administrador de Nomina,
HR Settings,Configuración de recursos humanos (RRHH),
HR-ADS-.YY.-.MM.-,HR-ADS-.YY .-. MM.-,
HR-APR-.YY.-.MM.,HR-APR-.YY.-.MM.,
HR-ATT-.YYYY.-,HR-ATT-.YYYY.-,
HR-EAD-.YYYY.-,HR-EAD-.YYYY.-,
HR-EXP-.YYYY.-,HR-EXP-.YYYY.-,
HR-LAL-.YYYY.-,HR-LAL-.YYYY.-,
HR-LAP-.YYYY.-,HR-LAP-.YYYY.-,
HR-VLOG-.YYYY.-,HR-VLOG-.YYYY.-,
HRA Exemption,Exención de HRA,
HRA as per Salary Structure,HRA según estructura salarial,
Half Day Date is mandatory,La fecha de medio día es obligatoria,
Half Day Date should be between From Date and To Date,Fecha de medio día debe estar entre la fecha desde y fecha hasta,
Half Day Date should be in between Work From Date and Work End Date,La fecha de medio día debe estar entre la fecha de trabajo y la fecha de finalización del trabajo,
Half Day Date,Fecha de Medio Día,
Half Day,Medio Día,
Half Day,Medio Día,
Half day date should be in between from date and to date,La fecha del medio día debe estar entre la fecha y la fecha,
Has Certificate,Tiene Certificado,
Health Insurance Name,Nombre del Seguro de Salud,
Hello,Hola,
Hiring Settings,Configuraciones de contratación,
Hiring vs Attrition Count,Contratación vs Conteo de Rotación de Empleados,
Holiday List for Optional Leave,Lista de permisos para la licencia opcional,
House Rent Payment Amount,Monto del pago del alquiler de la casa,
House rent paid days overlapping with {0},Alquiler de casa pagado días superpuestos con {0},
House rented dates required for exemption calculation,Fechas de alquiler de la casa requeridas para el cálculo de la exención,
House rented dates should be atleast 15 days apart,Las fechas de alquiler de la casa deben ser al menos con 15 días de diferencia,
IFSC Code,Código IFSC,
IFSC,IFSC,
IN,EN,
Identification Document Number,Numero de Documento de Identificacion,
Identification Document Type,Tipo de Documento de Identificación,
Import Attendance,Asistente de importación,
Importing {0} of {1},Importando {0} de {1},
In Time,A tiempo,
Incentive Amount,Monto de Incentivo,
Include holidays in Total no. of Working Days,Incluir dias feriados con el numero total de días laborables,
Include holidays within leaves as leaves,Incluir los dias festivos y permisos únicamente como ausencias,
Income Tax Amount,Importe del impuesto sobre la renta,
Income Tax Component,Componente de impuesto sobre la renta,
Income Tax Computation,Cálculo del Impuesto sobre la Renta,
Income Tax Deductions,Deducciones del impuesto sobre la renta,
Income Tax Slab Other Charges,Impuesto sobre la renta Otros cargos de tabla,
Income Tax Slab must be effective on or before Payroll Period Start Date: {0},La tabla de impuesto sobre la renta debe entrar en vigencia a partir de la fecha de inicio del período de nómina: {0},
Income Tax Slab not set in Salary Structure Assignment: {0},La tabla de impuesto sobre la renta no se estableció en la asignación de estructura salarial: {0},
Income Tax Slab,Tabla de impuesto sobre la renta,
Income Tax Slab: {0} is disabled,La tabla de impuestos sobre la renta: {0} está inhabilitado,
Inspection,Inspección,
Interest Amount,Cantidad de interés,
Intermediate,Intermedio,
Intern,Interno,
International,Internacional,
Internet,Internet,
Invited,Invitado,
Invoice Ref,Referencia de Factura,
Is Carry Forward,Es un traslado,
Is Compensatory,Es Compensatorio,
Is Earned Leave,Es Licencia Ganada,
Is Expired,Está expirado,
Is Flexible Benefit,Es un Beneficio Flexible,
Is Income Tax Component,Es el componente del impuesto sobre la renta,
Is Leave Without Pay,Es una permiso sin goce de salario,
Is Optional Leave,Es una Licencia Opcional,
Is Partially Paid Leave,Permiso parcialmente remunerada,
Is Recurring,Es recurrente,
Is Tax Applicable,Es Impuesto Aplicable,
Jan,ene,
Job Applicant Source,Fuente del Solicitante de Empleo,
Job Description,Descripción del trabajo,
Job Offer Term,Término de Oferta de Trabajo,
Job Offer Terms,Términos de Oferta de Trabajo,
Job Offer status,Estado de la oferta de trabajo,
Job Offer,Oferta de trabajo,
Job Offer: {0} is already for Job Applicant: {1},Oferta de trabajo: {0} ya es para el solicitante de empleo: {1},
Job Opening,Oportunidad de empleo,
Jobs,Trabajos,
Joining Date,Dia de ingreso,
July,julio,
June,junio,
KRA,KRA,
Key Performance Area,Área Clave de Rendimiento,
Key Responsibility Area,Área de Responsabilidad Clave,
Last Known Successful Sync of Employee Checkin. Reset this only if you are sure that all Logs are synced from all the locations. Please don't modify this if you are unsure.,Última sincronización exitosa conocida del registro de empleados. Restablezca esto solo si está seguro de que todos los registros están sincronizados desde todas las ubicaciones. No modifique esto si no está seguro.,
Last Sync of Checkin,Última sincronización de registro,
Late Entry Grace Period,Período de gracia de entrada tardía,
Late Entry,Entrada tardía,
Leave Allocation,Asignación de permiso,
Leave Allocations,Dejar asignaciones,
Leave Application,Solicitud de Licencia,
Leave Approval Notification Template,Plantilla de Notificación de Autorización de Permisos,
Leave Approval Notification,Notificación de Autorización de Permiso,
Leave Approver Mandatory In Leave Application,Aprobador de Autorización de Permisos es obligatorio en la Solicitud de Licencia,
Leave Approver Name,Nombre del supervisor de permisos,
Leave Balance Before Application,Ausencias disponibles antes de la solicitud,
Leave Balance,Balance de Licencia,
Leave Block List Allow,Permitir Lista de Bloqueo de Permisos,
Leave Block List Allowed,Lista de bloqueos de permisos permitidos,
Leave Block List Date,Fecha de Lista de Bloqueo de Permisos,
Leave Block List Dates,Fechas de Lista de Bloqueo de Permisos,
Leave Block List Name,Nombre de la Lista de Bloqueo de Permisos,
Leave Blocked,Permiso Bloqueadas,
Leave Control Panel,Panel de control de permisos,
Leave Encashment Amount Per Day,Deje la cantidad de dinero en efectivo por día,
Leave Encashment,Dejar el Encargo,
Leave Ledger Entry,Dejar entrada de libro mayor,
Leave Period,Período de Permiso,
Leave Policy Assignment,Asignación de política de permiso,
Leave Policy Detail,Detalle de la política de permiso,
Leave Policy Details,Detalles de la política de permiso,
Leave Policy,Política de Permiso,
Leave Status Notification Template,Plantilla de Estado de Notificación de Permisos,
Leave Status Notification,Estado de Notificación de Permiso,
Leave Type Name,Nombre del tipo de permiso,
Leave Type is madatory,Tipo de Licencia es obligatorio,
Leave Type {0} cannot be allocated since it is leave without pay,No se puede asignar el tipo de permisos {0} ya que se trata de permiso sin sueldo.,
Leave Type {0} cannot be carry-forwarded,No se puede arrastrar el tipo de permiso {0}.,
Leave Type {0} is not encashable,Tipo de Licencia {0} no es encasillable,
Leave Type,Tipo de Permiso,
Leave Without Pay does not match with approved {} records,La licencia sin paga no coincide con los registros de {} aprobados,
Leave Without Pay,Permiso / licencia sin goce de salario (LSS),
Leave and Expense Claim Settings,Configuración de Permisos y Reclamaciones de Gastos,
Leave application is linked with leave allocations {0}. Leave application cannot be set as leave without pay,La solicitud de licencia está vinculada con las asignaciones de licencia {0}. La solicitud de licencia no se puede configurar como licencia sin paga,
Leave of type {0} cannot be longer than {1},Ausencia del tipo {0} no puede tener más de {1},
Leave,Permiso,
Leave,Permiso,
Leaves Allocated Successfully for {0},Permisos Distribuidas Satisfactoriamente para {0},
Leaves Allocated,Hojas asignadas,
Leaves per Year,Permisos por año,
Leaves,Permisos
Leaves,Permisos,
Lifecycle,Ciclo de Vida,
Loan Repayment Entry,Entrada de reembolso de préstamo,
Location / Device ID,Ubicación / ID del dispositivo,
Lodging Required,Alojamiento Requerido,
Log Type is required for check-ins falling in the shift: {0}.,El tipo de registro es necesario para los registros que se realizan en el turno: {0}.,
Log Type,Tipo de registro,
Login to,Iniciar sesión en,
MICR,MICR,
Mar,mar,
Mark Attendance,Marcar Asistencia,
Mark attendance based on 'Employee Checkin' for Employees assigned to this shift.,Marque la asistencia basada en &#39;Registro de empleados&#39; para los empleados asignados a este turno.,
Marked Attendance HTML,Asistencia Marcada HTML,
Marked Attendance,Asistencia Marcada,
Married name,Apellido de Casada,
Max Amount Eligible,Monto Máximo Elegible,
Max Benefit Amount (Yearly),Monto de Beneficio Máximo (Anual),
Max Benefit Amount,Monto de Beneficio Máximo,
Max Benefits (Amount),Beneficios Máximos (Cantidad),
Max Benefits (Yearly),Beneficios Máximos (Anuales),
Max Exemption Amount cannot be greater than maximum exemption amount {0} of Tax Exemption Category {1},El monto máximo de exención no puede ser mayor que el monto máximo de exención {0} de la categoría de exención fiscal {1},
Max Exemption Amount,Cantidad de exención máxima,
Max Taxable Income,Ingreso imponible máximo,
Max benefits should be greater than zero to dispense benefits,Los beneficios máximos deberían ser mayores que cero para dispensar beneficios,
Max working hours against Timesheet,Máximo las horas de trabajo contra la parte de horas,
Maximum Carry Forwarded Leaves,Máximo transporte de permisos enviadas,
Maximum Consecutive Leaves Allowed,Permiso Máximo Consecutivo Permitido,
Maximum Exempted Amount,Monto máximo exento,
Maximum Exemption Amount,Monto Máximo de Exención,
Maximum Leave Allocation Allowed per Leave Period,Asignación Máxima de Permisos Permitida por Período de Permisos,
Maximum amount eligible for the component {0} exceeds {1},La cantidad máxima elegible para el componente {0} excede de {1},
Maximum benefit amount of component {0} exceeds {1},La cantidad máxima de beneficios del componente {0} excede de {1},
Maximum benefit amount of employee {0} exceeds {1},La cantidad máxima de beneficios del empleado {0} excede de {1},
Maximum leave allowed in the leave type {0} is {1},La licencia máxima permitida en el tipo de permiso {0} es {1},
May,Mayo,
Meal Preference,preferencia de comida,
Medical,Médico,
Mileage,Kilometraje,
Min Taxable Income,Renta mínima imponible,
Minimum working days required since Date of Joining to apply for this leave,Días mínimos de trabajo requeridos desde la fecha de ingreso para solicitar este permiso,
Mode of Travel,Modo de Viaje,
Mode of payment is required to make a payment,Forma de pago se requiere para hacer un pago,
Mon,Lun,
Monthly Attendance Sheet,Hoja de Asistencia mensual,
Monthly Eligible Amount,Cantidad elegible mensual,
Monthly HRA Exemption,Exención mensual de HRA,
Monthly House Rent,Alquiler mensual de la casa,
More Details,Más detalles,
More than one selection for {0} not allowed,Más de una selección para {0} no permitida,
My Requests,Mis Solicitudes,
Name of Organizer,Nombre del Organizador,
Net Pay cannot be less than 0,Pago Neto no puede ser menor que 0,
Net Pay,Pago Neto,
Net Salary Amount,Cantidad de salario neto,
Net pay cannot be negative,El salario neto no puede ser negativo,
New Employee ID,Nueva Identificación de Empleado,
New Leaves Allocated (In Days),Nuevos permisos asignadas (en días),
New Leaves Allocated,Nuevas Ausencias Asignadas,
No Employee Found,Ningún empleado encontrado,
No Employee found for the given employee field value. '{}': {},No se encontró ningún empleado para el valor de campo de empleado dado. &#39;{}&#39;: {},
No Leaves Allocated to Employee: {0} for Leave Type: {1},No hay hojas asignadas al empleado: {0} para el tipo de licencia: {1},
No Salary Structure assigned for Employee {0} on given date {1},Sin estructura salarial asignada para el empleado {0} en una fecha dada {1},
No Staffing Plans found for this Designation,No se encontraron planes de personal para esta designación,
No active or default Salary Structure found for employee {0} for the given dates,Sin estructura de salario activa o por defecto encontrada de empleado {0} para las fechas indicadas,
No additional expenses has been added,No se han agregado gastos adicionales,
No employee found,Empleado no encontrado,
No leave record found for employee {0} on {1},No se encontró ningún registro de licencia para el empleado {0} el {1},
No more updates,No hay más actualizaciones,
No replies from,No hay respuestas de,
No salary slip found to submit for the above selected criteria OR salary slip already submitted,No se ha presentado ningún comprobante de sueldo para los criterios seleccionados anteriormente O recibo de sueldo ya enviado,
Non Diary,No diario,
Non-Vegetarian,No Vegetariano,
Nothing to change,Nada para Cambiar,
Notice Period,Período de Notificación,
Notify users by email,Notificar a los usuarios por correo electrónico,
Nov,nov,
Number Of Employees,Número de Empleados,
Number Of Positions,Numero de Posiciones,
OUT,FUERA,
Oct,oct,
Odometer Reading,Lectura del podómetro,
Offer Term,Términos de la oferta,
Oil Change,Cambio de aceite,
On Date,A tiempo,
On Duty,En Servicio,
On Holiday,Feriado,
On Leave,En Permiso,
Only Approvers can Approve this Request.,Solo los aprobadores pueden aprobar esta solicitud.,
Only Leave Applications with status 'Approved' and 'Rejected' can be submitted,"Sólo se pueden presentar solicitudes de permiso con el status ""Aprobado"" y ""Rechazado"".",
Only Shift Request with status 'Approved' and 'Rejected' can be submitted,Solo se puede enviar una solicitud de turno con el estado &#39;Aprobado&#39; y &#39;Rechazado&#39;,
Only Tax Impact (Cannot Claim But Part of Taxable Income),"Solo impacto impositivo (no se puede reclamar, pero parte de los ingresos imponibles)",
Only expired allocation can be cancelled,Solo se puede cancelar la asignación vencida,
Only users with the {0} role can create backdated leave applications,Solo los usuarios con el rol {0} pueden crear aplicaciones de licencia retroactivas,
Optional Holiday List not set for leave period {0},Lista de permiso opcional no establecida para el período de licencia {0},
Other Taxes and Charges,Otros impuestos y cargos,
Others,Otros,
Out Time,Fuera de tiempo,
Outgoing Salary,Salario Pagando,
Overwrite Salary Structure Amount,Sobrescribir el monto de la Estructura Salarial,
PAN Number,Número PAN,
PF Account,Cuenta PF,
PF Amount,Monto PF,
PF Loan,Préstamo PF,
Part-time,Tiempo parcial,
Password Policy,Política de contraseñas,
Password policy cannot contain spaces or simultaneous hyphens. The format will be restructured automatically,La política de contraseña no puede contener espacios o guiones simultáneos. El formato se reestructurará automáticamente.,
Password policy for Salary Slips is not set,La política de contraseñas para recibos salariales no está establecida,
Pay Against Benefit Claim,Reclamo de pago contra el beneficio,
Payment Account is mandatory,La cuenta de pago es obligatoria,
Payment Days,Días de pago,
Payment of {0} from {1} to {2},Pago de {0} desde {1} hasta {2},
Payroll Date,Fecha de Nómina,
Payroll Employee Detail,Detalle de la Nómina del Empleado,
Payroll Frequency,Frecuencia de la Nómina,
Payroll Number,Número de nómina,
Payroll Period Date,Fecha del Período de la Nómina,
Payroll Period,Período de Nómina,
Payroll Periods,Períodos de Nómina,
Payroll Reports,Reportes de Nómina,
Payroll Settings,Configuración de nómina,
Payroll date can not be greater than employee's relieving date.,La fecha de nómina no puede ser mayor que la fecha de relevo del empleado.,
Payroll date can not be less than employee's joining date.,La fecha de la nómina no puede ser menor que la fecha de incorporación del empleado.,
Payroll,Nómina de sueldos,
Percent Deduction,Deducción Porcentual,
Percent,Por ciento,
Piecework,Trabajo por obra,
Planned number of Positions,Número planificado de Posiciones,
Please add the remaining benefits {0} to any of the existing component,Agregue los beneficios restantes {0} a cualquiera de los componentes existentes,
Please confirm once you have completed your training,Por favor confirme una vez que haya completado su formación,
Please enable default incoming account before creating Daily Work Summary Group,Habilite la cuenta entrante predeterminada antes de crear el Grupo de resumen de trabajo diario,
Please enter the designation,"Por favor, introduzca la designación",
Please select Carry Forward if you also want to include previous fiscal year's balance leaves to this fiscal year,Por favor seleccione 'trasladar' si usted desea incluir los saldos del año fiscal anterior a este año,
Please select Company and Designation,Seleccione Compañía y Designación,
Please select Employee first.,Primero seleccione Empleado.,
Please select Employee,Por favor selecciona Empleado,
Please select a csv file,"Por favor, seleccione un archivo csv",
Please set Payroll based on in Payroll settings,Establezca Nómina en función de la configuración de Nómina,
Please set default template for Leave Approval Notification in HR Settings.,"Por favor, configure la plantilla predeterminada para la Notifiación de Aprobación de Permisos en Configuración de Recursos Humanos.",
Please set default template for Leave Status Notification in HR Settings.,Configure la plantilla predeterminada para la Notifiación de Estado de Permisos en configuración de Recursos Humanos.,
Please set the Company,Por favor establezca la empresa,
Please set the Date Of Joining for employee {0},"Por favor, establezca la Fecha de Ingreso para el empleado {0}",
Please setup Employee Naming System in Human Resource > HR Settings,Configure el Sistema de nombres de empleados en Recursos humanos&gt; Configuración de recursos humanos,
Please setup numbering series for Attendance via Setup > Numbering Series,Configure la serie de numeración para la asistencia a través de Configuración&gt; Serie de numeración,
Please share your feedback to the training by clicking on 'Training Feedback' and then 'New',"Por favor, comparta sus comentarios con la formación haciendo clic en ""Feedback de Entrenamiento"" y luego en ""Nuevo""",
Please update your status for this training event,Actualice su estado para este evento de capacitación.,
Preferred Area for Lodging,Área preferida para alojamiento,
Present,Presente,
Present,Presente,
Present,Presente,
Prevent self approval for leaves even if user has permissions,Evitar la autoaprobación de permisos incluso si el usuario tiene permisos,
Preview Salary Slip,Previsualización de Nómina,
Printed On,Impreso en,
Privilege Leave,Permiso,
Probation,Período de prueba,
Probationary Period,Período de prueba,
Process Attendance After,Asistencia al proceso después,
Professional Tax Deductions,Deducciones fiscales profesionales,
Professional Tax,Impuesto profesional,
Proficiency,Competencia,
Promotion Date,Fecha de Promoción,
Property already added,Propiedad ya agregada,
Property,Propiedad,
Provident Fund Deductions,Deducciones del fondo de previsión,
Provident Fund Loan,Préstamo del fondo de previsión,
Provident Fund,fondo de Previsión,
Publish on website,Publicar en el sitio web,
Purpose & Amount,Propósito y Monto,
Purpose of Travel,Propósito de Viaje,
Quick Filters,Filtros Rápidos,
Quick Links,Enlaces Rapidos,
Re-allocate Leaves,Reasignar Permisos,
Recruitment Analytics,Análisis de contratación,
Refuelling Details,Detalles de repostaje,
Rejected Claims (This Month),Reclamaciones Rechazadas (Este Mes),
Remaining Benefits (Yearly),Beneficios Restantes (Anuales),
Remind Before,Recuerde Antes,
Reminded,Recordado,
Reminder,Recordatorio,
Reminders,Recordatorios,
Remote Assistance,Asistencia Remota,
Remove if Zero Valued,Eliminar si el valor es cero,
Rented Car,Auto Rentado,
Rented From Date,Alquilado desde la fecha,
Rented To Date,Alquilado hasta la fecha,
Rented in Metro City,Alquilado en Metro City,
Repay From Salary can be selected only for term loans,Reembolsar desde el salario se puede seleccionar solo para préstamos a plazo,
Repay Unclaimed Amount from Salary,Reembolsar el Monto No Reclamado del Salario,
Replies,Respuestas,
Request Attendance,Solicitar Asistencia,
Request Leave,Solicitar Permiso,
Request a Shift,Solicitar un Turno,
Request an Advance,Solicitar un Adelanto,
Require Full Funding,Requerir Fondos Completos,
Required for Employee Creation,Requerido para la creación del Empleado,
Responsibilities,Responsabilidades,
Restrict Backdated Leave Application,Restringir Solicitudes de Permiso con Fecha Retroactiva,
Result,Resultado,
Resume Attachment,Adjunto curriculum vitae,
Retention Bonus,Bonificación de Retención,
Retirement Age (In Years),Edad de Jubilación (En Años),
Role Allowed to Create Backdated Leave Application,Rol permitido para crear una solicitud de licencia con fecha anterior,
Role,Rol,
Round to the Nearest Integer,Redondear al entero más cercano,
Rounding,Redondeo,
Row #{0}: Cannot set amount or formula for Salary Component {1} with Variable Based On Taxable Salary,Fila n. ° {0}: no se puede establecer la cantidad o la fórmula para el componente de salario {1} con variable basada en el salario imponible,
Row {0}# Allocated amount {1} cannot be greater than unclaimed amount {2},Fila {0} # Cantidad Asignada {1} no puede ser mayor que la Cantidad no Reclamada {2},
Row {0}# Paid Amount cannot be greater than requested advance amount,Fila {0}# Cantidad pagada no puede ser mayor que la cantidad adelantada solicitada,
Row {0}: {1} is required in the expenses table to book an expense claim.,Fila {0}: {1} es obligatorio en la tabla de gastos para registrar una reclamación de gastos.,
Salary Component Account,Cuenta Nómina Componente,
Salary Component Type,Tipo de Componente Salarial,
Salary Component for timesheet based payroll.,Componente de salario para la nómina basada en hoja de salario.,
Salary Component,Componente Salarial,
Salary Detail,Detalle de Sueldos,
Salary Details,Detalles del Salario,
Salary Payments Based On Payment Mode,Pagos de salario basados en el modo de pago,
Salary Payments via ECS,Pagos de salario a través de ECS,
Salary Payout,Pago de Salario,
Salary Register,Registro de Salario,
Salary Slip Based on Timesheet,Nomina basada horas,
Salary Slip ID,ID de Nómina,
Salary Slip Loan,Préstamo de Nómina,
Salary Slip Timesheet,Registro de Horas de Nómina,
Salary Slip of employee {0} already created for this period,Nómina del empleado {0} ya creado para este periodo,
Salary Slip of employee {0} already created for time sheet {1},Nómina de sueldo del empleado {0} ya creado para la hoja de tiempo {1},
Salary Slips Created,Salario Slips creado,
Salary Slips Submitted,Nómina Salarial Validada,
Salary Structure Assignment for Employee already exists,La asignación de estructura salarial para el empleado ya existe,
Salary Structure Assignment,Asignación de Estructura Salarial,
Salary Structure Missing,Falta estructura salarial,
Salary Structure not found for employee {0} and date {1},Estructura salarial no encontrada para el empleado {0} y fecha {1},
Salary Structure should have flexible benefit component(s) to dispense benefit amount,La Estructura Salarial debe tener un componente (s) de beneficio flexible para dispensar el monto del beneficio,
Salary Structure,Estructura salarial,
Salary Withholding,Retención de Salario,
Salary breakup based on Earning and Deduction.,Calculo de salario basado en los ingresos y deducciones,
Sanctioned Amount cannot be greater than Claim Amount in Row {0}.,Importe sancionado no puede ser mayor que el importe del reclamo en la línea {0}.,
Sat,Sáb,
Score (0-5),Puntuación (0-5),
Score Earned,Puntuación Obtenida.,
Score must be less than or equal to 5,La puntuación debe ser menor o igual a 5,
Select Payment Account to make Bank Entry,Seleccionar la cuenta de pago para hacer la entrada del Banco,
Select Property,Seleccionar Propiedad,
Select Terms and Conditions,Seleccione términos y condiciones,
Select Users,Seleccionar Usuarios,
Select an employee to get the employee advance.,Seleccione un empleado para obtener el adelanto del empleado.,
Self-Study,Autoestudio,
Seminar,Seminario,
Send Emails At,Enviar Correos Electrónicos a,
Send Interview Feedback Reminder,Enviar Recordatorio de Retroalimentación de Entrevista,
Send Interview Reminder,Enviar Recordatorio de Entrevista,
Send Leave Notification,Enviar Notificación de Permiso,
Sep,sep,
Service Details,Detalles del servicio,
Service Expense,Gasto de Servicio,
Service Item,Artículo de servicio,
Set the default account for the {0} {1},Configure la cuenta predeterminada para {0} {1},
Set the frequency for holiday reminders,Establecer la frecuencia de los recordatorios de días festivos,
Shift & Attendance,Turno y Asistencia,
Shift Actual End,Fin del turno actual,
Shift Actual Start,Inicio del turno actual,
Shift Assignment Tool,Herramienta de Asignación de Turno,
Shift Assignment,Asignación de Turno,
Shift Assignment: {0} created for Employee: {1},Asignación de turno: {0} creado para Empleado: {1},
Shift Attendance,Asistencia en Turno,
Shift End,Fin de turno,
Shift Location,Ubicación del Turno,
Shift Request,Solicitud de Turno,
Shift Schedule Assignment,Asignación de Horario de Turno,
Shift Schedule,Horario de Turno,
Shift Settings,Configuración de Turnos,
Shift Start,Inicio de turno,
Shift Tools,Herramientas de Turno,
Shift Type,Tipo de Turno,
Shift,Turno,
Shifts,Turnos,
Show Employee,Mostrar empleado,
Show Leaves Of All Department Members In Calendar,Mostrar hojas de todos los miembros del departamento en el calendario,
Show Salary Slip,Mostrar Nomina Salarial,
Sick Leave,Permiso por enfermedad,
Skill Name,nombre de la habilidad,
Skill,Habilidad,
Skip Auto Attendance,Omitir asistencia automática,
Sponsored Amount,Monto Patrocinado,
Staffing Plan Detail,Detalle del plan de personal,
Staffing Plan {0} already exist for designation {1},El plan de dotación de personal {0} ya existe para la designación {1},
Staffing Plan,Plan de Personal,
Standard Tax Exemption Amount,Monto de exención de impuestos estándar,
Standard Working Hours,Horas Laborales Estánda,
Statistical Component,Componente estadístico,
Stock Options,Opciones de stock,
Stop users from making Leave Applications on following days.,No permitir a los usuarios crear solicitudes de permisos en los siguientes días.,
Strictly based on Log Type in Employee Checkin,Estrictamente basado en el tipo de registro en el registro de empleados,
Structures have been assigned successfully,Las Esturcturas fueron asignadas exitósamente,
Submission Date,Día de Entrega,
Submit Proof,Enviar prueba,
Submit Salary Slip,Validar nómina salarial,
Submit this to create the Employee record,Envíe esto para crear el registro del empleado,
Submitting Salary Slips and creating Journal Entry...,Envío de nóminas y creación de asientos de diario ...,
Submitting Salary Slips...,Validar Nóminas Salariales ...,
Summarized View,Vista resumida,
Sun,Dom,
Tax & Benefits,Impuestos y Beneficios,
Tax Exemption Category,Categoría de Exención Fiscal,
Tax Exemption Proofs,Pruebas de Exención de Impuestos,
Tax Identification Number,Número de Identificación Tributaria (NIT),
Tax on additional salary,Impuesto sobre el Salario Adicional,
Tax on flexible benefit,Impuesto sobre el Beneficio Flexible,
Taxable Salary Slab,Tabla Salarial Imponible,
Taxable Salary Slabs,Salarios Gravables,
Taxes and Charges on Income Tax,Impuestos y cargas sobre el impuesto sobre la renta,
Taxi,Taxi,
Team Requests,Solicitudes del Equipo,
Team Updates,Actualizaciones equipo,
Thank you,Gracias.,
The amount of entitled leaves in a Company for an Employee in a Leave Period is known as Leave Policy.,La cantidad de permisos a los que tiene derecho en una empresa para un empleado en un período de licencia se conoce como política de permiso.,
The day(s) on which you are applying for leave are holidays. You need not apply for leave.,El día (s) en el que está solicitando la licencia son los días festivos. Usted no necesita solicitar la excedencia.,
The fraction of daily wages to be paid for half-day attendance,La fracción del salario diario a pagar por asistencia de medio día.,
The time after the shift start time when check-in is considered as late (in minutes).,El tiempo después del horario de inicio del turno cuando el check-in se considera tarde (en minutos).,
The time before the shift end time when check-out is considered as early (in minutes).,El tiempo antes de la hora de finalización del turno cuando el check-out se considera temprano (en minutos).,
The time before the shift start time during which Employee Check-in is considered for attendance.,El tiempo antes de la hora de inicio del turno durante el cual se considera la asistencia del Empleado Check-in.,
Theory,Teoría,
There are more holidays than working days this month.,Existen más permisos que días de trabajo en este mes.,
There are no vacancies under staffing plan {0},No hay vacantes en el plan de personal {0},
There is no leave period in between {0} and {1},No hay período de licencia entre {0} y {1},
This employee already has a log with the same timestamp.{0},Este empleado ya tiene un registro con la misma marca de tiempo. {0},
This is based on the attendance of this Employee,Esto se basa en la presencia de este empleado,
This will submit Salary Slips and create accrual Journal Entry. Do you want to proceed?,Esto enviará hojas de salario y creará asientos acumulados. ¿Quieres proceder?,
Thu,Jue,
Time after the end of shift during which check-out is considered for attendance.,Tiempo después del final del turno durante el cual se considera la salida para la asistencia.,
Timing,Sincronización,
To Amount,Al Monto,
To Date should be greater than From Date,Hasta la fecha debe ser mayor que desde la fecha,
To date can not be equal or less than from date,Fecha Hasta no puede ser igual o menor que la fecha,
To date can not be greater than employee's relieving date.,Hasta la fecha no puede ser mayor que la fecha de relevo del empleado.,
To date can not be less than from date,Fecha Hasta no puede ser menor que la Fecha Desde,
To date can not greater than employee's relieving date,Fecha Hasta no puede ser mayor que la fecha de alivio del empleado,
To date needs to be before from date,Hasta la fecha debe ser anterior a la fecha,
Total Absent,Total ausente,
Total Actual Amount,Monto real total,
Total Advance Amount,Monto Total Anticipado,
Total Allocated Leaves,Total de Permisos Asignadas,
Total Amount Reimbursed,Monto total reembolsado,
Total Claimed Amount,Total reembolso,
Total Declared Amount,Monto total declarado,
Total Deduction,Deducción total,
Total Early Exits,Total de salidas tempranas,
Total Earning,Ganancia Total,
Total Eligible HRA Exemption,Exención total elegible de HRA,
Total Estimated Budget,Presupuesto Total Estimado,
Total Estimated Cost,Costo Total Estimado,
Total Exemption Amount,Importe Total de Exención,
Total Incentive Given(Last month),Total de Incentivos Otorgados(Ultimo Mes),
Total Late Entries,Total de entradas tardías,
Total Leave Days,Días totales de permisos,
Total Leaves Allocated,Total de permisos asigandas,
Total Leaves Encashed,Total de Licencias Cobradas,
Total Leaves,Permisos Totales,
Total Outgoing Salary(Last month),Total Salarios Pagados(Ultimo Mes),
Total Present,Total Presente,
Total Salary Structure,Total Estructura Salarial,
Total Sanctioned Amount,Total Sancionada,
Total Score (Out of 5),Puntaje Total (de 5),
Total Score,Puntaje Total,
Total advance amount cannot be greater than total sanctioned amount,El monto total anticipado no puede ser mayor que la cantidad total autorizada,
Total flexible benefit component amount {0} should not be less than max benefits {1},El monto total del componente de beneficio flexible {0} no debe ser inferior al beneficio máximo {1},
Total in words,Total en palabras,
Total leaves allocated is mandatory for Leave Type {0},Las Licencias totales asignadas son obligatorias para el Tipo de Licencia {0},
Total working hours should not be greater than max working hours {0},Total de horas de trabajo no deben ser mayores que las horas de trabajo max {0},
Train,Entrenamiento,
Trainer Email,Correo electrónico del entrenador,
Trainer Name,Nombre del entrenador,
Training Date,Fecha de entrenamiento,
Training Event Employee,Evento de Formación de los trabajadores,
Training Event,Evento de Capacitación,
Training Event:,Evento de entrenamiento:,
Training Events,Eventos de entrenamiento,
Training Feedback,Comentarios del entrenamiento,
Training Program,Programa de Entrenamiento,
Training Result Employee,Resultado del Entrenamiento del Empleado,
Training Result,Resultado del entrenamiento,
Training,Formación,
Trainings,Entrenamientos,
Transaction Name,Nombre de transacción,
Transfer Date,Fecha de Transferencia,
Travel Advance Required,Se Requiere Avance de Viaje,
Travel From,Viajar Desde,
Travel Funding,Financiación de Viajes,
Travel Itinerary,Itinerario de Viaje,
Travel Request Costing,Costo de Solicitud de Viaje,
Travel Request,Solicitud de Viaje,
Travel To,Viajar a,
Travel Type,Tipo de Viaje,
Travel,Viajes,
Tue,Mar,
Type of Proof,Tipo de Prueba,
Unable to find Salary Component {0},No se puede encontrar el componente de salario {0},
Unlink Payment,Desvincular Pago,
Unmarked Attendance for days,Asistencia sin marcar por días,
Unmarked Attendance,La asistencia sin marcar,
Unmarked Days,Días sin marcar,
Unmarked days,Días sin marcar,
Unpaid Expense Claim,Reclamación de gastos no pagados,
Unused leaves,Ausencias no utilizadas,
Update Response,Actualizar Respuesta,
Upload Attendance,Subir Asistencia,
Upload HTML,Subir HTML,
Used Leaves,Permisos Usadas,
Vacancies cannot be lower than the current openings,Las vacantes no pueden ser inferiores a las vacantes actuales,
Vacancies,Vacantes,
Validate Attendance,Validar la Asistencia,
Validating Employee Attendance...,Validación de la asistencia de los empleados ...,
Value / Description,Valor / Descripción,
Value missing,Valor que Falta,
Variable Based On Taxable Salary,Variable basada en el Salario Imponible,
Variable,Variable,
Vegetarian,Vegetariano,
Vehicle Log,Bitácora del Vehiculo,
Vehicle Service,Servicio del Vehículo,
View Salary Slips,Ver Recibos de Sueldo,
Walk In,Entrar,
Warning: Leave application contains following block dates,Advertencia: La solicitud de permiso contiene las siguientes fechas bloqueadas,
Website Listing,Listado de sitios web,
Wed,Mié,
Weekly Off,Descanso Semanal,
Weightage (%),Porcentaje (%),
Work Anniversaries,Aniversarios Laborales,
Work End Date,Fecha de Finalización del Trabajo,
Work From Date,Trabajar Desde la Fecha,
Work From Home,Trabajar Desde Casa,
Work From Home,Trabajo Desde Casa,
Work Summary for {0},Resumen de trabajo para {0},
Worked On Holiday,Trabajó en Dia Festivo,
Working Days,Días de Trabajo,
Working Hours Calculation Based On,Cálculo de horas de trabajo basado en,
Working Hours Threshold for Absent,Umbral de horas de trabajo para ausentes,
Working Hours Threshold for Half Day,Umbral de horas de trabajo para medio día,
Working hours below which Absent is marked. (Zero to disable),Horas de trabajo por debajo de las cuales se marca Ausente. (Cero para deshabilitar),
Working hours below which Half Day is marked. (Zero to disable),Horas de trabajo por debajo de las cuales se marca Medio día. (Cero para deshabilitar),
Workshop,Taller,
You are not authorized to approve leaves on Block Dates,Usted no está autorizado para aprobar permisos en fechas bloqueadas,
You are not present all day(s) between compensatory leave request days,Usted no está presente todos los días entre los días de solicitud de licencia compensatoria,
You can not request for your Default Shift: {0},No puede solicitar su turno predeterminado: {0},
You can only submit Leave Encashment for a valid encashment amount,Solo puede enviar la Deuda por un monto de cobro válido,
email,correo electrónico,
{0} already allocated for Employee {1} for period {2} to {3},{0} ya ha sido asignado para el empleado {1} para el periodo {2} hasta {3},
{0} already exists for employee {1} and period {2},{0} ya existe para el empleado {1} y el período {2},
{0} applicable after {1} working days,{0} aplicable después de {1} días hábiles,
{0} is not in Optional Holiday List,{0} no está en la Lista de Dia Festivo opcional,
{0} is not in a valid Payroll Period,{0} no está en un Período de cálculo de Nómina válido,
{0} must be submitted,{0} debe enviarse,
{0}: From {0} of type {1},{0}: Desde {0} del tipo {1},
{} is an invalid Attendance Status.,{} es un estado de asistencia no válido.,
Assign Structure,Asignar Estructura,
Please select From Date.,Por favor seleccione la fecha de inicio.,
There are no employees without a Salary Structure Assignment on this date based on the given filters.,No hay empleados sin una asignación de estructura salarial en esta fecha según los filtros dados.,
Set {0} for selected employees,Establecer {0} para los empleados seleccionados,
Are you sure you want to proceed?,¿Está seguro de que desea continuar?,
<b>Base</b> amount has not been set for the following employee(s): {0},<b>Base</b> el monto no se ha establecido para los siguientes empleados: {0},
Assign Salary Structure to {0} employee(s)?,¿Asignar estructura salarial a {0} empleado (s)?,
Assigning Salary Structure,Asignando Estructura Salarial,
Please select at least one row to perform this action.,Por favor seleccione al menos una fila para realizar esta acción.,
Validation Error,Error de validación,
Payroll Payable Account,Cuenta de nómina a pagar,
Set Assignment Details,Establecer detalles de la asignación,
Every Week,Cada semana,
Every 2 Weeks,Cada 2 semanas,
Every 3 Weeks,Cada 3 semanas,
Every 4 Weeks,Cada 4 semanas,
Repeat On Days,Repetir en días,
Recent Leaves,Permisos Recientes,
Request a Leave,Solicitar un Permiso,
View Leave History, Ver Historial de Permiso,
Upcoming Holidays,Próximos días festivos,
You have no requests,No tienes solicitudes,
Leaves & Holidays,Permisos & Dias Festivos,
Recent Attendance Requests,Solicitudes de Asistencia Recientes,
Attendance Calendar,Calendario de Asistencia,
Notes:,Notas:,
Please do not change the template headings,No cambie los encabezados de la plantilla,
Status should be one of these values: {0},El estado debe ser uno de estos valores: {0},
"If you are overwriting existing attendance records, 'ID' column mandatory","Si está sobrescribiendo registros de asistencia existentes, La columna ID es obligatoria",
ID,ID,
Employee,Empleado,
Employee Name,Nombre del empleado,
Date,Fecha,
Status,Estado,
Leave Type,Tipo de licencia,
Company,Compañía,
Naming Series,Serie de numeración,
Inserted row ({0}) {1},Fila insertada ({0}) {1},
Organizational Chart,Organigrama,
Opening Balances,Balances de Apertura,
Set opening balances for earnings and taxes from the previous employer,Establecer saldos de apertura para ganancias e impuestos del empleador anterior,
Taxable Earnings Till Date,Ingresos Imponibles Hasta la Fecha,
Tax Deducted Till Date,Impuesto Deducido Hasta la Fecha,
Payroll Cost Centers,Centros de Costo de Nómina,
Income from Other Sources,Ingresos de otras fuentes,
Non Taxable Earnings,Ingresos no imponibles,
Income Tax Deducted Till Date,Impuesto sobre la renta deducido hasta la fecha,
Tax Exemption Declaration,Declaración de Exención Fiscal,
Deductions before tax calculation,Deducciones antes del cálculo de impuestos,
Future Income Tax,Impuesto sobre la renta futuro,
Total Income Tax,Impuesto sobre la renta total,
Annual Taxable Amount,Importe imponible anual,
Income Tax Breakup,Desglose del impuesto sobre la renta,
Total Earnings,Total de ingresos,
Net Pay Info,Información de pago neto,
Year To Date,Año hasta la fecha,
Month To Date,Mes hasta la fecha,
Gross Year To Date,Monto Bruto Anual hasta la fecha,
Total salary booked for this employee from the beginning of the year (payroll period or fiscal year) up to the current salary slip's end date.,Salario total reservado para este empleado desde el comienzo del año (período de nómina o año fiscal) hasta la fecha de finalización del recibo de sueldo actual.,
Total salary booked for this employee from the beginning of the month up to the current salary slip's end date.,Salario total reservado para este empleado desde el comienzo del mes hasta la fecha de finalización del recibo de sueldo actual.,
Missing Tax Slabs,Tablas de impuestos faltantes,
Taxable Deductions Till Date,Deducciones imponibles hasta la fecha,
Could not find any salary slip(s) for the employee {0},No se pudo encontrar ningúna nomina salarial para el empleado {0},
"Please specify {0} and {1} (if any), for the correct tax calculation in future salary slips","Por favor especifique {0} y {1} (si corresponde), para el cálculo correcto de impuestos en futuras nóminas",
Missing Opening Entries,Entradas de apertura faltantes,
Current Month Income Tax,Impuesto sobre la renta del mes actual,
Accounting & Payment,Contabilidad y Pago,
Statistical Earnings,Ingresos Estadísticos,
Statistical Deductions,Deducciones Estadísticas,
Update Salary Structures,Actualizar Estructuras Salariales,
Sync {0},Sincronizar {0},
Condition & Formula,Condición & Fórmula,
There is no Salary Structure assigned to {0}. First assign a Salary Stucture.,No hay Estructura Salarial asignada a {0}. Primero asigne una Estructura Salarial.,
The date on which Salary Component with Amount will contribute for Earnings/Deduction in Salary Slip.,La fecha en la que el Componente de Salario con Monto contribuirá a los Ingresos/Deducción en el Recibo de Sueldo.,
Taxable Earnings,Ingresos Imponibles,
Attendance is pending for these employees between the selected payroll dates. Mark attendance to proceed. Refer {0} for details.,La asistencia está pendiente para estos empleados entre las fechas de nómina seleccionadas. Marque la asistencia para continuar. Consulte {0} para obtener detalles.,
Monthly Attendance Sheet,Hoja de Asistencia Mensual,
Is Salary Withheld,¿Se retiene el salario?,
"If enabled, total no. of working days will include holidays, and this will reduce the value of Salary Per Day","Si está habilitado, el número total de días laborables incluirá los días festivos, lo que reducirá el valor del salario por día.",
"If enabled, deducts payment days for absent attendance on holidays. By default, holidays are considered as paid","Si está habilitado, deduce los días de pago por asistencia ausente en días festivos. Por defecto, los días festivos se consideran pagados",
Consider Marked Attendance on Holidays,Considerar asistencia marcada en días festivos,
Process Payroll Accounting Entry based on Employee,Procesar entrada contable de nómina basada en el empleado,
"If checked, Payroll Payable will be booked against each employee","Si está marcado, se reservará el pago de nómina contra cada empleado",
Show Leave Balances in Salary Slip,Mostrar saldos de permisos en el recibo de sueldo,
Working Days and Hours, Días y Horas Laborales,
Salary Slip already exists for {0} for the given dates,La nómina salarial ya existe para {0} en las fechas dadas,
Reference: {0},Referencia: {0},
Cannot submit. Attendance is not marked for some employees.,No se puede enviar. La asistencia no está marcada para algunos empleados.,
Attendance has been marked for all the employees between the selected payroll dates.,La asistencia ha sido marcada para todos los empleados entre las fechas de nómina seleccionadas.,
Filter Employees,Filtrar Empleados,
"The following Salary Components do not have an account assigned for the selected Company {0}: {1}","Los siguientes <b>Componentes Salariales</b> no tienen una cuenta asignada para la empresa seleccionada {0}: <br><b>{1}</b>"
"Income Tax Slab is mandatory since the Salary Structure {0} has a tax component {1}","La tabla de impuestos sobre la renta es obligatoria ya que la Estructura Salarial {0} tiene un componente de impuesto {1}",
Payroll Period Company,Período de Nómina Compañía,
Employee {0} already has an Additional Salary with component {1} for month {2} (Document: {3}),El empleado {0} ya tiene un salario adicional con el componente {1} para el mes {2} (Documento: {3}),
No employees found for the mentioned criteria:<br>Company: {0}<br> Currency: {1},No se encontraron empleados para los criterios mencionados:<br>Compañía: {0}<br> Moneda: {1},
Start date,Fecha de inicio,
End date,Fecha de finalización,
Net Year To Date,Monto Neto Anual hasta la fecha,
Payroll Info,Información de Nómina,
Employee Info,Información del Empleado,
Total Allocated Leave(s),Permiso(s) Total Asignado,
Expired Leave(s),Permiso(s) Expirado,
Used Leave(s),Permiso(s) Usado,
Leave(s) Pending Approval,Permiso(s) Pendiente de Aprobación,
Leave Details,Detalles del Permiso,
{} Draft,{} Borrador,
Employees Filter,Filtro de Empleados,
Salary Slip,Nomina Salarial,
First,Primero,
Last,Último,
This will clear the existing employees and fetch new employees. Do you want to continue?,Esto borrará los empleados existentes y obtendrá nuevos empleados. ¿Desea continuar?,
Creating Salary Slips,Creando Nóminas Salarial,
Pending Submission,Pendiente de Validacion,
Salary Structure Manager,Administrador de Estructura Salarial,
Appraisal Cycle, Ciclo de Evaluación,
Self Appraisal,Auto Evaluación,
Employee Feedback Criteria,Criterios de Retroalimentación del Empleado,
Grievance Type,Tipo de Queja,
Employee Grievance,Queja del Empleado,
Journey,Viaje,
Full and Final Settlement,Liquidación Final,
Exit Interview,Entrevista de Salida,
Exit Questionnaire,Cuestionario de Salida,
Interview Details,Detalles de la Entrevista,
Interviewers,Entrevistadores,
Interview Summary,Resumen de la Entrevista,
Employee Retained,Empleado Retenido,
Exit Confirmed,Salida Confirmada,
Grievance,Queja,
Onboarding,Incorporación,
Job Requisition,Requisición de Trabajo,
Interviews,Entrevistas,
Interview Type,Tipo de Entrevista,
Interview Round,Ronda de Entrevista,
Interview,Entrevista,
Interview Feedback,Retroalimentación de la Entrevista,
Expected Average Rating,Calificación Promedio Esperada,
Expected Skillset,Conjunto de habilidades esperado,
Performance,Rendimiento,
Employee Performance Feedback,Retroalimentación del Rendimiento del Empleado,
Rate Goals Manually,Calificar Objetivos Manualmente,
KRA vs Goals,KRA vs Objetivos,
Appraisal Overview,Resumen de Evaluación,
Cycle Name,Nombre del Ciclo,
KRA Evaluation Method,Método de Evaluación KRA,
Automated Based on Goal Progress,Automatizado Basado en el Progreso del Objetivo,
Manual Rating,Calificación Manual,
Calculate Final Score based on Formula,Calcular Puntuación Final basada en Fórmula,
"By default, the Final Score is calculated as the average of Goal Score, Feedback Score, and Self Appraisal Score. Enable this to set a different formula","De forma predeterminada, la puntuación final se calcula como el promedio de la puntuación del objetivo, la puntuación de retroalimentación y la puntuación de autoevaluación. Active esta opción para configurar una fórmula diferente."
Final Score Formula,Fórmula de Puntuación Final,
Appraisal Template Missing,Plantilla de Evaluación Faltante,
Criteria based on which employee should be rated in Performance Feedback and Self Appraisal,Criterios según los cuales se debe calificar a cada empleado en la retroalimentación del desempeño y la autoevaluación,
Rating Criteria,Criterios de Calificación,
Goal Completion (%),Finalización de Objetivo (%),
Weightage (%),Ponderacion (%),
Goal Score (weighted),Puntuación del Objetivo (ponderada),
Total Goal Score,Puntuación Total del Objetivo,
Goal Score (%),Puntuación del Objetivo (%),
Appraisees,Evaluados,
Self Appraisal Pending,Auto Evaluación Pendiente,
Employees without Feedback,Empleados sin Retroalimentación,
Employees without Goals,Empleados sin Objetivos,
View Goals,Ver Objetivos,
Create Appraisals,Crear Evaluaciones,
Mark as Completed,Marcar como Completado,
Average Feedback Score,Puntuación Promedio de Retroalimentación,
Appraisal Linking,Enlace de Evaluación,
Link the cycle and tag KRA to your goal to update the appraisal's goal score based on the goal progress,Enlace el ciclo y etiquete KRA a su objetivo para actualizar la puntuación del objetivo de la evaluación en función del progreso del objetivo,
Feedback Ratings,Calificaciones de Retroalimentación,
"Average of Goal Score, Feedback Score, and Self Appraisal Score (out of 5)","Promedio de la puntuación del objetivo, la puntuación de retroalimentación y la puntuación de autoevaluación (sobre 5)"
Based on,Basado en,
reviews,reseñas,
review,reseña,
Average Rating,Puntuación Promedio,
Out of 5,Sobre 5,
of reviews are,de reseñas son,
star,estrella,
Consolidated,Consolidado,
Show Statistical Components,Mostrar Componentes Estadísticos,
Fetch Employees,Obtener Empleados,
Set filters to fetch employees,Establecer filtros para obtener empleados,
Please select the date range.,Por favor selecciona el rango de fechas.,
The range must be between 1 and 7 days.,El rango debe ser entre 1 y 7 días.,
Employee,Empleado,
Mark Attendance,Marcar Asistencia,
Select employees and status first.,Selecciona empleados y estado primero.,
Set Attendance Details,Establecer Detalles de Asistencia,
Set attendance details for the employees select above,Establecer detalles de asistencia para los empleados seleccionados arriba,